{
  "YearData": {
    "2015": {
      "DayData": {
        "day04": {
          "PartData": {
            "One": {
              "VersionData": {
                "v2": {
                  "Min": 355.9512,
                  "Max": 472.2906,
                  "Avg": 398.40470300000015,
                  "Count": 100
                }
              }
            },
            "Two": {
              "VersionData": {
                "v2": {
                  "Min": 9220.5947,
                  "Max": 9694.1177,
                  "Avg": 9350.566319000005,
                  "Count": 100
                }
              }
            }
          }
        },
        "day03": {
          "PartData": {
            "One": {
              "VersionData": {
                "v2": {
                  "Min": 0.7497,
                  "Max": 2.4657,
                  "Avg": 0.8804859999999998,
                  "Count": 100
                }
              }
            },
            "Two": {
              "VersionData": {
                "v2": {
                  "Min": 0.7134,
                  "Max": 1.1368,
                  "Avg": 0.7976499999999999,
                  "Count": 100
                }
              }
            }
          }
        },
        "day02": {
          "PartData": {
            "One": {
              "VersionData": {
                "v1": {
                  "Min": 0.3276,
                  "Max": 0.4993,
                  "Avg": 0.3520449999999999,
                  "Count": 100
                }
              }
            },
            "Two": {
              "VersionData": {
                "v1": {
                  "Min": 0.3248,
                  "Max": 0.3821,
                  "Avg": 0.33806499999999984,
                  "Count": 100
                }
              }
            }
          }
        },
        "day01": {
          "PartData": {
            "One": {
              "VersionData": {
                "v1": {
                  "Min": 0.1568,
                  "Max": 0.2923,
                  "Avg": 0.16279899999999997,
                  "Count": 100
                }
              }
            },
            "Two": {
              "VersionData": {
                "v1": {
                  "Min": 0.0067,
                  "Max": 0.0168,
                  "Avg": 0.007387999999999994,
                  "Count": 100
                }
              }
            }
          }
        }
      }
    }
  }
}