{
  "YearData": {
    "2015": {
      "DayData": {
        "day02": {
          "PartData": {
            "One": {
              "VersionData": {
                "v1": {
                  "Min": 0.3276,
                  "Max": 0.4993,
                  "Avg": 0.3520449999999999,
                  "Count": 100
                }
              }
            },
            "Two": {
              "VersionData": {
                "v1": {
                  "Min": 0.3248,
                  "Max": 0.3821,
                  "Avg": 0.33806499999999984,
                  "Count": 100
                }
              }
            }
          }
        },
        "day01": {
          "PartData": {
            "One": {
              "VersionData": {
                "v1": {
                  "Min": 0.1568,
                  "Max": 0.2923,
                  "Avg": 0.16279899999999997,
                  "Count": 100
                }
              }
            },
            "Two": {
              "VersionData": {
                "v1": {
                  "Min": 0.0067,
                  "Max": 0.0168,
                  "Avg": 0.007387999999999994,
                  "Count": 100
                }
              }
            }
          }
        }
      }
    }
  }
}