{
  "YearData": {
    "2020": {
      "DayData": {
        "day01": {
          "PartData": {
            "One": {
              "VersionData": {
                "v1": {
                  "Min": 0.7535,
                  "Max": 1.0535,
                  "Avg": 0.7834029999999995,
                  "Count": 100
                },
                "v2": {
                  "Min": 0.0246,
                  "Max": 0.0498,
                  "Avg": 0.026740999999999987,
                  "Count": 100
                },
                "v3": {
                  "Min": 0.0143,
                  "Max": 0.0365,
                  "Avg": 0.018300999999999984,
                  "Count": 100
                }
              }
            },
            "Two": {
              "VersionData": {
                "v1": {
                  "Min": 17.6863,
                  "Max": 24.1169,
                  "Avg": 19.37125199999999,
                  "Count": 100
                },
                "v2": {
                  "Min": 0.2235,
                  "Max": 0.2596,
                  "Avg": 0.226018,
                  "Count": 100
                }
              }
            }
          }
        },
        "day02": {
          "PartData": {
            "One": {
              "VersionData": {
                "v2": {
                  "Min": 0.5152,
                  "Max": 1.2421,
                  "Avg": 0.5875909999999999,
                  "Count": 100
                }
              }
            },
            "Two": {
              "VersionData": {
                "v2": {
                  "Min": 0.478,
                  "Max": 0.8367,
                  "Avg": 0.5127060000000001,
                  "Count": 100
                }
              }
            }
          }
        },
        "day03": {
          "PartData": {
            "One": {
              "VersionData": {
                "v1": {
                  "Min": 0.0331,
                  "Max": 0.1309,
                  "Avg": 0.03491200000000001,
                  "Count": 100
                }
              }
            },
            "Two": {
              "VersionData": {
                "v1": {
                  "Min": 0.1459,
                  "Max": 0.2578,
                  "Avg": 0.14996899999999994,
                  "Count": 100
                }
              }
            }
          }
        },
        "day04": {
          "PartData": {
            "One": {
              "VersionData": {
                "v1": {
                  "Min": 0.5206,
                  "Max": 0.7329,
                  "Avg": 0.550129,
                  "Count": 100
                }
              }
            },
            "Two": {
              "VersionData": {
                "v1": {
                  "Min": 1.0532,
                  "Max": 1.2861,
                  "Avg": 1.1066630000000002,
                  "Count": 100
                }
              }
            }
          }
        },
        "day05": {
          "PartData": {
            "One": {
              "VersionData": {
                "v1": {
                  "Min": 0.149,
                  "Max": 0.3073,
                  "Avg": 0.15727199999999997,
                  "Count": 100
                }
              }
            },
            "Two": {
              "VersionData": {
                "v1": {
                  "Min": 0.1727,
                  "Max": 3.2522,
                  "Avg": 0.21250700000000006,
                  "Count": 100
                }
              }
            }
          }
        },
        "day06": {
          "PartData": {
            "One": {
              "VersionData": {
                "v1": {
                  "Min": 1.2812,
                  "Max": 1.7836,
                  "Avg": 1.3564609999999997,
                  "Count": 100
                }
              }
            },
            "Two": {
              "VersionData": {
                "v1": {
                  "Min": 2.3243,
                  "Max": 4.6509,
                  "Avg": 2.9300840000000004,
                  "Count": 100
                }
              }
            }
          }
        },
        "day07": {
          "PartData": {
            "One": {
              "VersionData": {
                "v1": {
                  "Min": 9.7567,
                  "Max": 13.3997,
                  "Avg": 10.358522,
                  "Count": 100
                }
              }
            },
            "Two": {
              "VersionData": {
                "v1": {
                  "Min": 1.1176,
                  "Max": 2.3234,
                  "Avg": 1.2507469999999996,
                  "Count": 100
                }
              }
            }
          }
        },
        "day08": {
          "PartData": {
            "One": {
              "VersionData": {
                "v1": {
                  "Min": 0.0674,
                  "Max": 0.3802,
                  "Avg": 0.077402,
                  "Count": 100
                }
              }
            },
            "Two": {
              "VersionData": {
                "v1": {
                  "Min": 0.4083,
                  "Max": 0.7916,
                  "Avg": 0.46890999999999977,
                  "Count": 100
                }
              }
            }
          }
        },
        "day09": {
          "PartData": {
            "One": {
              "VersionData": {
                "v1": {
                  "Min": 0.6779,
                  "Max": 1.3904,
                  "Avg": 0.7462769999999999,
                  "Count": 100
                }
              }
            },
            "Two": {
              "VersionData": {
                "v1": {
                  "Min": 1.9397,
                  "Max": 2.3887,
                  "Avg": 1.9881980000000004,
                  "Count": 100
                }
              }
            }
          }
        },
        "day10": {
          "PartData": {
            "One": {
              "VersionData": {
                "v1": {
                  "Min": 0.0139,
                  "Max": 0.0167,
                  "Avg": 0.014346999999999988,
                  "Count": 100
                }
              }
            },
            "Two": {
              "VersionData": {
                "v1": {
                  "Min": 0.0348,
                  "Max": 0.0394,
                  "Avg": 0.03539100000000001,
                  "Count": 100
                }
              }
            }
          }
        },
        "day11": {
          "PartData": {
            "One": {
              "VersionData": {
                "v1": {
                  "Min": 196.0997,
                  "Max": 208.4386,
                  "Avg": 198.620066,
                  "Count": 100
                }
              }
            },
            "Two": {
              "VersionData": {
                "v1": {
                  "Min": 1416.6002,
                  "Max": 1511.7172,
                  "Avg": 1431.428581999999,
                  "Count": 100
                }
              }
            }
          }
        },
        "day12": {
          "PartData": {
            "One": {
              "VersionData": {
                "v1": {
                  "Min": 0.0787,
                  "Max": 0.2306,
                  "Avg": 0.08381399999999997,
                  "Count": 100
                }
              }
            },
            "Two": {
              "VersionData": {
                "v1": {
                  "Min": 0.0732,
                  "Max": 0.2411,
                  "Avg": 0.07901699999999999,
                  "Count": 100
                }
              }
            }
          }
        },
        "day13": {
          "PartData": {
            "One": {
              "VersionData": {
                "v1": {
                  "Min": 0.0026,
                  "Max": 0.0145,