{
  "YearData": {
    "2020": {
      "DayData": {
        "day01": {
          "PartData": {
            "One": {
              "VersionData": {
                "v1": {
                  "Min": 0.7535,
                  "Max": 1.0535,
                  "Avg": 0.7834029999999995,
                  "Count": 100
                },
                "v2": {
                  "Min": 0.0246,
                  "Max": 0.0498,
                  "Avg": 0.026740999999999987,
                  "Count": 100
                },
                "v3": {
                  "Min": 0.0143,
                  "Max": 0.9279,
                  "Avg": 0.022301599999999984,
                  "Count": 250
                }
              }
            },
            "Two": {
              "VersionData": {
                "v1": {
                  "Min": 17.6863,
                  "Max": 24.1169,
                  "Avg": 19.37125199999999,
                  "Count": 100
                },
                "v2": {
                  "Min": 0.2205,
                  "Max": 0.2959,
                  "Avg": 0.22677159999999996,
                  "Count": 250
                }
              }
            }
          }
        },
        "day02": {
          "PartData": {
            "One": {
              "VersionData": {
                "v1": {
                  "Min": 0.4475,
                  "Max": 1.8492,
                  "Avg": 0.5089246666666665,
                  "Count": 150
                },
                "v2": {
                  "Min": 0.4739,
                  "Max": 1.6054,
                  "Avg": 0.5541356000000003,
                  "Count": 250
                }
              }
            },
            "Two": {
              "VersionData": {
                "v1": {
                  "Min": 0.479,
                  "Max": 0.7764,
                  "Avg": 0.5262886666666667,
                  "Count": 150
                },
                "v2": {
                  "Min": 0.4443,
                  "Max": 1.3643,
                  "Avg": 0.5432584000000004,
                  "Count": 250
                }
              }
            }
          }
        },
        "day03": {
          "PartData": {
            "One": {
              "VersionData": {
                "v1": {
                  "Min": 0.0292,
                  "Max": 0.159,
                  "Avg": 0.033007999999999975,
                  "Count": 250
                }
              }
            },
            "Two": {
              "VersionData": {
                "v1": {
                  "Min": 0.1186,
                  "Max": 0.2578,
                  "Avg": 0.1376388,
                  "Count": 250
                }
              }
            }
          }
        },
        "day04": {
          "PartData": {
            "One": {
              "VersionData": {
                "v1": {
                  "Min": 0.5206,
                  "Max": 1.0311,
                  "Avg": 0.5689363999999997,
                  "Count": 250
                }
              }
            },
            "Two": {
              "VersionData": {
                "v1": {
                  "Min": 1.0532,
                  "Max": 1.4785,
                  "Avg": 1.1290380000000018,
                  "Count": 250
                }
              }
            }
          }
        },
        "day05": {
          "PartData": {
            "One": {
              "VersionData": {
                "v1": {
                  "Min": 0.1457,
                  "Max": 0.3777,
                  "Avg": 0.15667160000000002,
                  "Count": 250
                }
              }
            },
            "Two": {
              "VersionData": {
                "v1": {
                  "Min": 0.1727,
                  "Max": 3.2522,
                  "Avg": 0.21019519999999997,
                  "Count": 250
                }
              }
            }
          }
        },
        "day06": {
          "PartData": {
            "One": {
              "VersionData": {
                "v1": {
                  "Min": 1.1759,
                  "Max": 2.0661,
                  "Avg": 1.391682800000001,
                  "Count": 250
                }
              }
            },
            "Two": {
              "VersionData": {
                "v1": {
                  "Min": 2.3243,
                  "Max": 4.6509,
                  "Avg": 2.741552400000002,
                  "Count": 250
                }
              }
            }
          }
        },
        "day07": {
          "PartData": {
            "One": {
              "VersionData": {
                "v1": {
                  "Min": 9.7315,
                  "Max": 13.3997,
                  "Avg": 10.645472000000007,
                  "Count": 250
                }
              }
            },
            "Two": {
              "VersionData": {
                "v1": {
                  "Min": 1.1176,
                  "Max": 2.4746,
                  "Avg": 1.2837691999999996,
                  "Count": 250
                }
              }
            }
          }
        },
        "day08": {
          "PartData": {
            "One": {
              "VersionData": {
                "v1": {
                  "Min": 0.0632,
                  "Max": 0.645,
                  "Avg": 0.08144559999999995,
                  "Count": 250
                }
              }
            },
            "Two": {
              "VersionData": {
                "v1": {
                  "Min": 0.3899,
                  "Max": 0.9492,
                  "Avg": 0.4514915999999999,
                  "Count": 250
                }
              }
            }
          }
        },
        "day09": {
          "PartData": {
            "One": {
              "VersionData": {
                "v1": {
                  "Min": 0.6742,
                  "Max": 1.3904,
                  "Avg": 0.7166139999999993,
                  "Count": 250
                }
              }
            },
            "Two": {
              "VersionData": {
                "v1": {
                  "Min": 1.9383,
                  "Max": 3.261,
                  "Avg": 2.018063199999999,
                  "Count": 250
                }
              }
            }
          }
        },
        "day10": {
          "PartData": {
            "One": {
              "VersionData": {
                "v1": {
                  "Min": 0.0139,
                  "Max": 0.0185,
                  "Avg": 0.014590800000000018,
                  "Count": 250
                }
              }
            },
            "Two": {
              "VersionData": {
                "v1": {
                  "Min": 0.0348,
                  "Max": 0.0577,
                  "Avg": 0.03627159999999999,
                  "Count": 250
                }
              }
            }
          }
        },
        "day11": {
          "PartData": {
            "One": {
              "VersionData": {
                "v1": {
                  "Min": 195.6478,
                  "Max": 233.2701,
                  "Avg": 200.68342719999998,
                  "Count": 250
                }
              }
            },
            "Two": {
              "VersionData": {
                "v1": {
                  "Min": 1370.8447,
                  "Max": 1630.0586,
                  "Avg": 1443.6015915999997,
                  "Count": 250
                }
              }
            }
          }
        },
        "day12": {
          "PartData": {
            "One": {
              "VersionData": {
                "v1": {
                  "Min": 0.0787,
                  "Max": 0.2479,
                  "Avg": 0.08490159999999998,
                  "Count": 250
                }
              }
            },
            "Two": {
              "VersionData": {
                "v1": {
                  "Min": 0.0732,