{
  "YearData": {
    "2015": {
      "DayData": {
        "day16": {
          "PartData": {
            "One": {
              "VersionData": {
                "v1": {
                  "Min": 0.6785,
                  "Max": 2.199,
                  "Avg": 0.760384,
                  "Count": 100
                }
              }
            },
            "Two": {
              "VersionData": {
                "v1": {
                  "Min": 0.7154,
                  "Max": 0.8814,
                  "Avg": 0.7456970000000002,
                  "Count": 100
                }
              }
            }
          }
        },
        "day15": {
          "PartData": {
            "One": {
              "VersionData": {
                "v1": {
                  "Min": 7.8301,
                  "Max": 19.4626,
                  "Avg": 8.398148000000004,
                  "Count": 100
                }
              }
            },
            "Two": {
              "VersionData": {
                "v1": {
                  "Min": 7.9803,
                  "Max": 11.4433,
                  "Avg": 8.187553000000001,
                  "Count": 100
                }
              }
            }
          }
        },
        "day14": {
          "PartData": {
            "One": {
              "VersionData": {
                "v1": {
                  "Min": 0.1678,
                  "Max": 0.4179,
                  "Avg": 0.17795199999999997,
                  "Count": 100
                }
              }
            },
            "Two": {
              "VersionData": {
                "v1": {
                  "Min": 1.3518,
                  "Max": 2.4145,
                  "Avg": 1.438822,
                  "Count": 100
                }
              }
            }
          }
        },
        "day13": {
          "PartData": {
            "One": {
              "VersionData": {
                "v1": {
                  "Min": 370.492,
                  "Max": 477.8164,
                  "Avg": 394.658552,
                  "Count": 100
                }
              }
            },
            "Two": {
              "VersionData": {
                "v1": {
                  "Min": 2539.0255,
                  "Max": 3234.669,
                  "Avg": 2602.931767000001,
                  "Count": 100
                }
              }
            }
          }
        },
        "day12": {
          "PartData": {
            "One": {
              "VersionData": {
                "v1": {
                  "Min": 4.1218,
                  "Max": 9.3229,
                  "Avg": 4.874173,
                  "Count": 100
                }
              }
            },
            "Two": {
              "VersionData": {
                "v1": {
                  "Min": 4.097,
                  "Max": 6.9539,
                  "Avg": 4.501470000000003,
                  "Count": 100
                }
              }
            }
          }
        },
        "day11": {
          "PartData": {
            "One": {
              "VersionData": {
                "v1": {
                  "Min": 58.3424,
                  "Max": 81.0096,
                  "Avg": 61.73420100000001,
                  "Count": 100
                }
              }
            },
            "Two": {
              "VersionData": {
                "v1": {
                  "Min": 204.9579,
                  "Max": 249.1542,
                  "Avg": 213.61478599999998,
                  "Count": 100
                }
              }
            }
          }
        },
        "day10": {
          "PartData": {
            "One": {
              "VersionData": {
                "v2": {
                  "Min": 19.5256,
                  "Max": 24.6653,
                  "Avg": 20.99577400000001,
                  "Count": 100
                }
              }
            },
            "Two": {
              "VersionData": {
                "v2": {
                  "Min": 300.9045,
                  "Max": 353.3463,
                  "Avg": 321.25482799999986,
                  "Count": 100
                }
              }
            }
          }
        },
        "day09": {
          "PartData": {
            "One": {
              "VersionData": {
                "v1": {
                  "Min": 0.2322,
                  "Max": 2.1925,
                  "Avg": 0.30702899999999983,
                  "Count": 100
                }
              }
            },
            "Two": {
              "VersionData": {
                "v1": {
                  "Min": 0.2324,
                  "Max": 0.4836,
                  "Avg": 0.2533890000000001,
                  "Count": 100
                }
              }
            }
          }
        },
        "day08": {
          "PartData": {
            "One": {
              "VersionData": {
                "v1": {
                  "Min": 0.0703,
                  "Max": 0.2659,
                  "Avg": 0.08297199999999999,
                  "Count": 100
                }
              }
            },
            "Two": {
              "VersionData": {
                "v1": {
                  "Min": 0.1125,
                  "Max": 0.3201,
                  "Avg": 0.12009499999999998,
                  "Count": 100
                }
              }
            }
          }
        },
        "day07": {
          "PartData": {
            "One": {
              "VersionData": {
                "v2": {
                  "Min": 1.43,
                  "Max": 3.2655,
                  "Avg": 1.6286619999999994,
                  "Count": 100
                }
              }
            },
            "Two": {
              "VersionData": {
                "v2": {
                  "Min": 2.3802,
                  "Max": 3.3053,
                  "Avg": 2.5063950000000013,
                  "Count": 100
                }
              }
            }
          }
        },
        "day06": {
          "PartData": {
            "One": {
              "VersionData": {
                "v2": {
                  "Min": 77.0938,
                  "Max": 103.7028,
                  "Avg": 82.893853,
                  "Count": 100
                }
              }
            },
            "Two": {
              "VersionData": {
                "v2": {
                  "Min": 70.5424,
                  "Max": 129.6787,
                  "Avg": 75.48897699999999,
                  "Count": 100
                }
              }
            }
          }
        },
        "day05": {
          "PartData": {
            "One": {
              "VersionData": {
                "v2": {
                  "Min": 0.3792,
                  "Max": 1.5517,
                  "Avg": 0.42413100000000026,
                  "Count": 100
                }
              }
            },
            "Two": {
              "VersionData": {
                "v2": {
                  "Min": 0.3983,
                  "Max": 0.7063,
                  "Avg": 0.41447500000000004,
                  "Count": 100
                }
              }
            }
          }
        },
        "day04": {
          "PartData": {
            "One": {
              "VersionData": {
                "v2": {
                  "Min": 355.9512,
                  "Max": 472.2906,
                  "Avg": 398.40470300000015,
                  "Count": 100
                }
              }
            },
            "Two": {
              "VersionData": {
                "v2": {
                  "Min": 9220.5947,
                  "Max": 9694.1177,
                  "Avg": 9350.566319000005,
                  "Count": 100
                }
              }
            }
          }
        },
        "day03": {
          "PartData": {
            "One": {
              "VersionData": {
                "v2": {
                  "Min": 0.7497,