{
  "YearData": {
    "2020": {
      "DayData": {
        "day01": {
          "PartData": {
            "v2": {
              "StatData": {
                "One": {
                  "Min": 0.023,
                  "Max": 0.1865,
                  "Avg": 0.02955950000000007,
                  "Count": 1000
                },
                "Two": {
                  "Min": 0.0513,
                  "Max": 0.2166,
                  "Avg": 0.057935499999999925,
                  "Count": 1000
                }
              }
            }
          }
        },
        "day02": {
          "PartData": {
            "v2": {
              "StatData": {
                "One": {
                  "Min": 0.399,
                  "Max": 1.1347,
                  "Avg": 0.47176279999999976,
                  "Count": 1000
                },
                "Two": {
                  "Min": 0.3577,
                  "Max": 0.9855,
                  "Avg": 0.4383776000000002,
                  "Count": 1000
                }
              }
            }
          }
        },
        "day03": {
          "PartData": {
            "v1": {
              "StatData": {
                "One": {
                  "Min": 0.0309,
                  "Max": 0.1434,
                  "Avg": 0.03340150000000011,
                  "Count": 1000
                },
                "Two": {
                  "Min": 0.1124,
                  "Max": 0.2293,
                  "Avg": 0.11790809999999989,
                  "Count": 1000
                }
              }
            }
          }
        },
        "day04": {
          "PartData": {
            "v1": {
              "StatData": {
                "One": {
                  "Min": 0.3873,
                  "Max": 0.9189,
                  "Avg": 0.4373865000000004,
                  "Count": 1000
                },
                "Two": {
                  "Min": 0.6792,
                  "Max": 1.371,
                  "Avg": 0.766477000000001,
                  "Count": 1000
                }
              }
            }
          }
        },
        "day05": {
          "PartData": {
            "v1": {
              "StatData": {
                "One": {
                  "Min": 0.1565,
                  "Max": 0.7308,
                  "Avg": 0.1706562999999999,
                  "Count": 1000
                },
                "Two": {
                  "Min": 0.1775,
                  "Max": 3.2448,
                  "Avg": 0.19373900000000027,
                  "Count": 1000
                }
              }
            }
          }
        },
        "day06": {
          "PartData": {
            "v1": {
              "StatData": {
                "One": {
                  "Min": 0.9687,
                  "Max": 1.8566,
                  "Avg": 1.0879166999999972,
                  "Count": 1000
                },
                "Two": {
                  "Min": 1.6952,
                  "Max": 3.0131,
                  "Avg": 1.8852527999999957,
                  "Count": 1000
                }
              }
            }
          }
        },
        "day07": {
          "PartData": {
            "v1": {
              "StatData": {
                "One": {
                  "Min": 6.2576,
                  "Max": 11.3748,
                  "Avg": 6.5695664,
                  "Count": 1000
                },
                "Two": {
                  "Min": 0.9849,
                  "Max": 2.3985,
                  "Avg": 1.1072851,
                  "Count": 1000
                }
              }
            }
          }
        },
        "day08": {
          "PartData": {
            "v1": {
              "StatData": {
                "One": {
                  "Min": 0.0567,
                  "Max": 0.3014,
                  "Avg": 0.06937390000000011,
                  "Count": 1000
                },
                "Two": {
                  "Min": 0.2246,
                  "Max": 0.6798,
                  "Avg": 0.26829980000000025,
                  "Count": 1000
                }
              }
            }
          }
        },
        "day09": {
          "PartData": {
            "v1": {
              "StatData": {
                "One": {
                  "Min": 0.3594,
                  "Max": 0.7353,
                  "Avg": 0.38774340000000035,
                  "Count": 1000
                },
                "Two": {
                  "Min": 0.9565,
                  "Max": 1.9681,
                  "Avg": 1.0106614,
                  "Count": 1000
                }
              }
            }
          }
        },
        "day10": {
          "PartData": {
            "v1": {
              "StatData": {
                "One": {
                  "Min": 0.0146,
                  "Max": 0.1784,
                  "Avg": 0.015598200000000085,
                  "Count": 1000
                },
                "Two": {
                  "Min": 0.0257,
                  "Max": 0.2787,
                  "Avg": 0.027806399999999846,
                  "Count": 1000
                }
              }
            }
          }
        },
        "day11": {
          "PartData": {
            "v1": {
              "StatData": {
                "One": {
                  "Min": 28.4025,
                  "Max": 224.9472,
                  "Avg": 163.3449008999998,
                  "Count": 1000
                },
                "Two": {
                  "Min": 870.1984,
                  "Max": 1913.0761,
                  "Avg": 1245.4054994999992,
                  "Count": 1000
                }
              }
            }
          }
        },
        "day12": {
          "PartData": {
            "v1": {
              "StatData": {
                "One": {
                  "Min": 0.0782,
                  "Max": 0.7819,
                  "Avg": 0.08399390000000016,
                  "Count": 1000
                },
                "Two": {
                  "Min": 0.0733,
                  "Max": 0.2253,
                  "Avg": 0.07881520000000007,
                  "Count": 1000
                }
              }
            }
          }
        },
        "day13": {
          "PartData": {
            "v1": {
              "StatData": {
                "One": {
                  "Min": 0.002,
                  "Max": 0.1223,
                  "Avg": 0.002420199999999989,
                  "Count": 1000
                },
                "Two": {
                  "Min": 0.0892,
                  "Max": 0.2144,
                  "Avg": 0.09174570000000037,
                  "Count": 1000
                }
              }
            }
          }
        },
        "day14": {
          "PartData": {
            "v1": {
              "StatData": {
                "One": {
                  "Min": 0.8112,
                  "Max": 19.5532,
                  "Avg": 1.5734153000000017,
                  "Count": 1000
                },
                "Two": {
                  "Min": 135.0625,
                  "Max": 213.7031,
                  "Avg": 160.32775350000009,
                  "Count": 1000
                }
              }
            }
          }
        },
        "day15": {
          "PartData": {
            "v1": {
              "StatData": {
                "One": {
                  "Min": 0.0764,
                  "Max": 0.2719,
                  "Avg": 0.12845010000000007,
                  "Count": 1000
                },
                "Two": {
                  "Min": 3101.0349,
                  "Max": 4705.6176,
                  "Avg": 4160.208992299987,
                  "Count": 1000
                }
              }
            }
          }
        },
        "day16": {
          "PartData": {
            "v1": {
              "StatData": {
                "One": {
                  "Min": 1.4568,
                  "Max": 2.2045,