{
  "YearData": {
    "2020": {
      "DayData": {
        "day01": {
          "PartData": {
            "v1": {
              "StatData": {
                "One": {
                  "Min": 0.7141,
                  "Max": 1.5338,
                  "Avg": 0.8292720000000001,
                  "Count": 50
                },
                "Two": {
                  "Min": 14.1942,
                  "Max": 26.1664,
                  "Avg": 16.572478,
                  "Count": 50
                }
              }
            },
            "v2": {
              "StatData": {
                "One": {
                  "Min": 0.0252,
                  "Max": 0.8894,
                  "Avg": 0.03377789999999985,
                  "Count": 1000
                },
                "Two": {
                  "Min": 0.2239,
                  "Max": 11.1631,
                  "Avg": 0.25649820000000045,
                  "Count": 1000
                }
              }
            }
          }
        },
        "day02": {
          "PartData": {
            "v1": {
              "StatData": {
                "One": {
                  "Min": 0.5281,
                  "Max": 15.4194,
                  "Avg": 0.9592779999999996,
                  "Count": 50
                },
                "Two": {
                  "Min": 0.4945,
                  "Max": 1.2998,
                  "Avg": 0.630282,
                  "Count": 50
                }
              }
            },
            "v2": {
              "StatData": {
                "One": {
                  "Min": 0.5045,
                  "Max": 10.5591,
                  "Avg": 0.5961067999999992,
                  "Count": 1000
                },
                "Two": {
                  "Min": 0.4749,
                  "Max": 2.3593,
                  "Avg": 0.5756997000000009,
                  "Count": 1000
                }
              }
            }
          }
        },
        "day03": {
          "PartData": {
            "v1": {
              "StatData": {
                "One": {
                  "Min": 0.0375,
                  "Max": 0.186,
                  "Avg": 0.04210710000000006,
                  "Count": 1000
                },
                "Two": {
                  "Min": 0.1363,
                  "Max": 0.3131,
                  "Avg": 0.14751680000000003,
                  "Count": 1000
                }
              }
            }
          }
        },
        "day04": {
          "PartData": {
            "v1": {
              "StatData": {
                "One": {
                  "Min": 0.4347,
                  "Max": 1.5173,
                  "Avg": 0.4924549000000002,
                  "Count": 1000
                },
                "Two": {
                  "Min": 0.8062,
                  "Max": 12.9938,
                  "Avg": 0.934724799999999,
                  "Count": 1000
                }
              }
            }
          }
        },
        "day05": {
          "PartData": {
            "v1": {
              "StatData": {
                "One": {
                  "Min": 0.1676,
                  "Max": 13.4251,
                  "Avg": 0.21554739999999992,
                  "Count": 1000
                },
                "Two": {
                  "Min": 0.1836,
                  "Max": 3.3196,
                  "Avg": 0.21645419999999987,
                  "Count": 1000
                }
              }
            }
          }
        },
        "day06": {
          "PartData": {
            "v1": {
              "StatData": {
                "One": {
                  "Min": 1.0806,
                  "Max": 2.3702,
                  "Avg": 1.2297194,
                  "Count": 1000
                },
                "Two": {
                  "Min": 1.828,
                  "Max": 4.3141,
                  "Avg": 2.0742342000000002,
                  "Count": 1000
                }
              }
            }
          }
        },
        "day07": {
          "PartData": {
            "v1": {
              "StatData": {
                "One": {
                  "Min": 8.5093,
                  "Max": 12.4712,
                  "Avg": 8.75526370000002,
                  "Count": 1000
                },
                "Two": {
                  "Min": 1.0488,
                  "Max": 3.1077,
                  "Avg": 1.2504850999999995,
                  "Count": 1000
                }
              }
            }
          }
        },
        "day08": {
          "PartData": {
            "v1": {
              "StatData": {
                "One": {
                  "Min": 0.0762,
                  "Max": 0.3985,
                  "Avg": 0.09003110000000009,
                  "Count": 1000
                },
                "Two": {
                  "Min": 0.3681,
                  "Max": 1.9612,
                  "Avg": 0.44164580000000025,
                  "Count": 1000
                }
              }
            }
          }
        },
        "day09": {
          "PartData": {
            "v1": {
              "StatData": {
                "One": {
                  "Min": 0.5067,
                  "Max": 1.9719,
                  "Avg": 0.5676611999999994,
                  "Count": 1000
                },
                "Two": {
                  "Min": 1.4673,
                  "Max": 4.6709,
                  "Avg": 1.6424137999999988,
                  "Count": 1000
                }
              }
            }
          }
        },
        "day10": {
          "PartData": {
            "v1": {
              "StatData": {
                "One": {
                  "Min": 0.0164,
                  "Max": 0.1181,
                  "Avg": 0.017924699999999814,
                  "Count": 1000
                },
                "Two": {
                  "Min": 0.0365,
                  "Max": 0.1662,
                  "Avg": 0.04001080000000003,
                  "Count": 1000
                }
              }
            }
          }
        },
        "day11": {
          "PartData": {
            "v1": {
              "StatData": {
                "One": {
                  "Min": 161.8723,
                  "Max": 198.2411,
                  "Avg": 165.0352070000001,
                  "Count": 1000
                },
                "Two": {
                  "Min": 1307.949,
                  "Max": 1443.8355,
                  "Avg": 1333.0426726000028,
                  "Count": 1000
                }
              }
            }
          }
        },
        "day12": {
          "PartData": {
            "v1": {
              "StatData": {
                "One": {
                  "Min": 0.0961,
                  "Max": 37.9715,
                  "Avg": 0.14862260000000033,
                  "Count": 1000
                },
                "Two": {
                  "Min": 0.0925,
                  "Max": 0.2482,
                  "Avg": 0.10703070000000002,
                  "Count": 1000
                }
              }
            }
          }
        },
        "day13": {
          "PartData": {
            "v1": {
              "StatData": {
                "One": {
                  "Min": 0.0027,
                  "Max": 0.114,
                  "Avg": 0.003468099999999992,
                  "Count": 1000
                },
                "Two": {
                  "Min": 0.1617,
                  "Max": 1.5327,
                  "Avg": 0.1765209,
                  "Count": 1000
                }
              }
            }
          }
        },
        "day14": {
          "PartData": {
            "v1": {
              "StatData": {
                "One": {
                  "Min": 0.9431,
                  "Max": 20.2965,
                  "Avg": 1.7186796999999991,
                  "Count": 1000
                },
                "Two": {
                  "Min": 130.6448,