{
  "YearData": {
    "2020": {
      "DayData": {
        "day01": {
          "PartData": {
            "1": {
              "StatData": {
                "One": {
                  "Min": 0.7141,
                  "Max": 1.5338,
                  "Avg": 0.8292720000000001,
                  "Count": 50
                },
                "Two": {
                  "Min": 14.1942,
                  "Max": 26.1664,
                  "Avg": 16.572478,
                  "Count": 50
                }
              }
            },
            "2": {
              "StatData": {
                "One": {
                  "Min": 0.04,
                  "Max": 0.0923,
                  "Avg": 0.06203000000000002,
                  "Count": 50
                },
                "Two": {
                  "Min": 0.2392,
                  "Max": 1.8299,
                  "Avg": 0.4116539999999999,
                  "Count": 50
                }
              }
            }
          }
        },
        "day02": {
          "PartData": {
            "1": {
              "StatData": {
                "One": {
                  "Min": 0.5281,
                  "Max": 15.4194,
                  "Avg": 0.9592779999999996,
                  "Count": 50
                },
                "Two": {
                  "Min": 0.4945,
                  "Max": 1.2998,
                  "Avg": 0.630282,
                  "Count": 50
                }
              }
            },
            "2": {
              "StatData": {
                "One": {
                  "Min": 0.5589,
                  "Max": 10.5591,
                  "Avg": 0.8218420000000001,
                  "Count": 50
                },
                "Two": {
                  "Min": 0.5302,
                  "Max": 2.3173,
                  "Avg": 0.6468940000000002,
                  "Count": 50
                }
              }
            }
          }
        },
        "day03": {
          "PartData": {
            "1": {
              "StatData": {
                "One": {
                  "Min": 0.0496,
                  "Max": 0.1336,
                  "Avg": 0.07114800000000003,
                  "Count": 50
                },
                "Two": {
                  "Min": 0.1506,
                  "Max": 0.28,
                  "Avg": 0.205126,
                  "Count": 50
                }
              }
            }
          }
        }
      }
    }
  }
}