{
  "YearData": {
    "2020": {
      "DayData": {
        "day01": {
          "PartData": {
            "1": {
              "StatData": {
                "One": {
                  "Min": 0.7141,
                  "Max": 1.5338,
                  "Avg": 0.8292720000000001,
                  "Count": 50
                },
                "Two": {
                  "Min": 14.1942,
                  "Max": 26.1664,
                  "Avg": 16.572478,
                  "Count": 50
                }
              }
            },
            "2": {
              "StatData": {
                "One": {
                  "Min": 0.04,
                  "Max": 0.0923,
                  "Avg": 0.06203000000000002,
                  "Count": 50
                },
                "Two": {
                  "Min": 0.2392,
                  "Max": 1.8299,
                  "Avg": 0.4116539999999999,
                  "Count": 50
                }
              }
            }
          }
        }
      }
    }
  }
}